{
  "loss": 3.4755100189371313,
  "reconstruction_loss": 3.3906366596830653,
  "kl_loss": 0.08487335204126988
}